createdAt,author,content,ip
1606141715.050467,钢铁侠,"一部没有爱情与美女的电影,却光芒四射。",127.0.0.1
1606141755.234859,爱丽小屋,关于希望最强有力的注释。,127.0.0.1
1606174845.8756,真真,有一种鸟儿是管不住的。,127.0.0.1
1606192470.667243,洲洲,真是震撼人心的一部电影！,127.0.0.1
