createdAt,author,content,ip
1606153144.1287868,tmp,asdawdw,127.0.0.1
1606181247.677787,洲洲,很有趣的电影！,127.0.0.1
