createdAt,author,content,ip
1606153144.1287868,tmp,asdawdw,127.0.0.1
1606181247.6777868,洲洲,很有趣的电影！,127.0.0.1
1606187115.602629,吴天歌,真好看,127.0.0.1
1606192361.664231,匿名,菊次郎的夏天真美好！,127.0.0.1
1606196624.731316,雪姣,很好看,127.0.0.1
1606197913.930005,abc,fhdlkasfjlkdf,127.0.0.1
1606804700.164335,匿名,真好,127.0.0.1
1606968249.586674,wtg,haoidfhioasfjldk,127.0.0.1
